{"stats":{"minecraft:killed_by":{"minecraft:zombie":1},"minecraft:used":{"minecraft:acacia_log":1},"minecraft:mined":{"minecraft:tall_grass":1,"minecraft:acacia_log":1},"minecraft:picked_up":{"minecraft:acacia_log":1},"minecraft:custom":{"minecraft:jump":83,"minecraft:leave_game":1,"minecraft:time_since_rest":923,"minecraft:damage_dealt":92,"minecraft:deaths":1,"minecraft:damage_taken":340,"minecraft:sprint_one_cm":13453,"minecraft:play_time":2840,"minecraft:walk_on_water_one_cm":266,"minecraft:time_since_death":895,"minecraft:walk_one_cm":5134,"minecraft:sneak_time":5,"minecraft:total_world_time":2840,"minecraft:walk_under_water_one_cm":932,"minecraft:swim_one_cm":1892,"minecraft:fall_one_cm":3401,"minecraft:fly_one_cm":15802}},"DataVersion":3953}