{"stats":{"minecraft:killed_by":{"minecraft:player":1,"minecraft:skeleton":1,"minecraft:zombie":1},"minecraft:used":{"minecraft:cooked_mutton":5,"minecraft:water_bucket":7,"minecraft:stone_sword":142,"minecraft:stone_pickaxe":284,"minecraft:oak_planks":22,"minecraft:blackstone":31,"minecraft:shield":11,"minecraft:wooden_pickaxe":30,"minecraft:torch":14,"minecraft:dirt":2,"minecraft:crafting_table":9,"minecraft:red_bed":2,"minecraft:acacia_sapling":2,"minecraft:wooden_axe":2,"minecraft:iron_axe":1,"minecraft:bread":10,"minecraft:melon_slice":45,"minecraft:iron_pickaxe":49,"minecraft:smooth_basalt":3,"minecraft:stone_axe":50,"minecraft:wooden_sword":3,"minecraft:cobblestone":47,"minecraft:furnace":6,"minecraft:cooked_porkchop":4,"minecraft:andesite":2,"minecraft:bucket":7,"minecraft:acacia_planks":3,"minecraft:cobbled_deepslate":11},"minecraft:broken":{"minecraft:stone_pickaxe":1},"minecraft:mined":{"minecraft:deepslate_redstone_ore":6,"minecraft:acacia_leaves":45,"minecraft:red_bed":2,"minecraft:blackstone":40,"minecraft:deepslate_diamond_ore":9,"minecraft:crafting_table":9,"minecraft:short_grass":7,"minecraft:acacia_log":40,"minecraft:grass_block":2,"minecraft:melon":15,"minecraft:dead_bush":1,"minecraft:cobblestone":4,"minecraft:lapis_ore":1,"minecraft:oak_planks":6,"minecraft:moss_block":1,"minecraft:wall_torch":2,"minecraft:hay_block":17,"minecraft:furnace":4,"minecraft:cobbled_deepslate":1,"minecraft:iron_ore":50,"minecraft:fire":2,"minecraft:andesite":2,"minecraft:oak_log":5,"minecraft:coal_ore":104,"minecraft:deepslate_iron_ore":15,"minecraft:smooth_basalt":3,"minecraft:stone":110,"minecraft:deepslate":10},"minecraft:crafted":{"minecraft:cooked_beef":9,"minecraft:wooden_sword":1,"minecraft:oak_planks":20,"minecraft:cooked_porkchop":9,"minecraft:crafting_table":3,"minecraft:iron_helmet":1,"minecraft:wooden_pickaxe":2,"minecraft:iron_sword":1,"minecraft:furnace":5,"minecraft:bucket":1,"minecraft:stone_axe":2,"minecraft:cooked_mutton":5,"minecraft:air":0,"minecraft:iron_boots":1,"minecraft:iron_chestplate":1,"minecraft:shield":2,"minecraft:iron_axe":1,"minecraft:stick":32,"minecraft:iron_ingot":55,"minecraft:iron_pickaxe":2,"minecraft:stone_pickaxe":3,"minecraft:wooden_axe":1,"minecraft:stone_sword":2,"minecraft:iron_leggings":1,"minecraft:acacia_planks":164,"minecraft:torch":12},"minecraft:picked_up":{"minecraft:crafting_table":9,"minecraft:andesite":2,"minecraft:leather":4,"minecraft:oak_log":5,"minecraft:string":5,"minecraft:dirt":2,"minecraft:red_bed":3,"minecraft:bone":9,"minecraft:blackstone":40,"minecraft:bow":1,"minecraft:wheat_seeds":1,"minecraft:cobbled_deepslate":11,"minecraft:beef":18,"minecraft:stone_pickaxe":1,"minecraft:melon_slice":81,"minecraft:oak_planks":6,"minecraft:acacia_sapling":2,"minecraft:furnace":4,"minecraft:stick":3,"minecraft:raw_iron":65,"minecraft:smooth_basalt":3,"minecraft:torch":2,"minecraft:acacia_log":41,"minecraft:porkchop":9,"minecraft:pointed_dripstone":1,"minecraft:redstone":27,"minecraft:spider_eye":4,"minecraft:arrow":4,"minecraft:rotten_flesh":10,"minecraft:diamond":9,"minecraft:stone_axe":1,"minecraft:hay_block":18,"minecraft:gray_wool":1,"minecraft:bread":10,"minecraft:oak_sapling":2,"minecraft:mutton":10,"minecraft:coal":104,"minecraft:white_wool":6,"minecraft:cobblestone":113},"minecraft:custom":{"minecraft:interact_with_furnace":47,"minecraft:mob_kills":43,"minecraft:interact_with_crafting_table":23,"minecraft:leave_game":9,"minecraft:time_since_death":75462,"minecraft:sleep_in_bed":3,"minecraft:time_since_rest":50284,"minecraft:sprint_one_cm":180306,"minecraft:damage_taken":3424,"minecraft:walk_one_cm":166360,"minecraft:damage_blocked_by_shield":354,"minecraft:drop":17,"minecraft:damage_dealt":6927,"minecraft:swim_one_cm":48814,"minecraft:fly_one_cm":216788,"minecraft:open_chest":5,"minecraft:crouch_one_cm":1923,"minecraft:play_time":114747,"minecraft:deaths":6,"minecraft:sneak_time":1265,"minecraft:walk_under_water_one_cm":20269,"minecraft:jump":1513,"minecraft:walk_on_water_one_cm":20157,"minecraft:total_world_time":114747,"minecraft:fall_one_cm":58987},"minecraft:dropped":{"minecraft:stone_axe":2,"minecraft:wheat_seeds":1,"minecraft:stone_sword":1,"minecraft:pointed_dripstone":1,"minecraft:stick":1,"minecraft:gray_wool":1,"minecraft:oak_sapling":2,"minecraft:spider_eye":4,"minecraft:stone_pickaxe":2,"minecraft:wooden_pickaxe":2},"minecraft:killed":{"minecraft:pig":4,"minecraft:spider":4,"minecraft:skeleton":8,"minecraft:sheep":7,"minecraft:zombie":11,"minecraft:cow":8}},"DataVersion":3953}