{"stats":{"minecraft:killed_by":{"minecraft:player":1,"minecraft:skeleton":1,"minecraft:zombie":1},"minecraft:used":{"minecraft:cooked_mutton":5,"minecraft:water_bucket":7,"minecraft:stone_sword":64,"minecraft:stone_pickaxe":182,"minecraft:blackstone":2,"minecraft:shield":2,"minecraft:wooden_pickaxe":30,"minecraft:dirt":2,"minecraft:crafting_table":7,"minecraft:red_bed":2,"minecraft:acacia_sapling":2,"minecraft:wooden_axe":2,"minecraft:melon_slice":14,"minecraft:iron_pickaxe":24,"minecraft:stone_axe":43,"minecraft:wooden_sword":3,"minecraft:cobblestone":36,"minecraft:furnace":4,"minecraft:cooked_porkchop":4,"minecraft:bucket":7,"minecraft:cobbled_deepslate":4},"minecraft:broken":{"minecraft:stone_pickaxe":1},"minecraft:mined":{"minecraft:acacia_leaves":45,"minecraft:red_bed":2,"minecraft:blackstone":7,"minecraft:deepslate_diamond_ore":1,"minecraft:crafting_table":7,"minecraft:short_grass":7,"minecraft:acacia_log":40,"minecraft:grass_block":2,"minecraft:melon":15,"minecraft:dead_bush":1,"minecraft:cobblestone":4,"minecraft:lapis_ore":1,"minecraft:moss_block":1,"minecraft:hay_block":17,"minecraft:furnace":2,"minecraft:cobbled_deepslate":1,"minecraft:iron_ore":31,"minecraft:fire":2,"minecraft:oak_log":5,"minecraft:coal_ore":90,"minecraft:deepslate_iron_ore":8,"minecraft:stone":86,"minecraft:deepslate":3},"minecraft:crafted":{"minecraft:cooked_beef":9,"minecraft:wooden_sword":1,"minecraft:oak_planks":20,"minecraft:cooked_porkchop":9,"minecraft:crafting_table":2,"minecraft:wooden_pickaxe":2,"minecraft:furnace":3,"minecraft:bucket":1,"minecraft:stone_axe":2,"minecraft:cooked_mutton":5,"minecraft:air":0,"minecraft:shield":2,"minecraft:stick":24,"minecraft:iron_ingot":17,"minecraft:iron_pickaxe":1,"minecraft:stone_pickaxe":2,"minecraft:wooden_axe":1,"minecraft:stone_sword":2,"minecraft:acacia_planks":164},"minecraft:picked_up":{"minecraft:crafting_table":7,"minecraft:leather":4,"minecraft:oak_log":5,"minecraft:dirt":2,"minecraft:red_bed":3,"minecraft:bone":4,"minecraft:blackstone":7,"minecraft:bow":1,"minecraft:wheat_seeds":1,"minecraft:cobbled_deepslate":4,"minecraft:beef":18,"minecraft:melon_slice":81,"minecraft:acacia_sapling":2,"minecraft:furnace":2,"minecraft:stick":2,"minecraft:raw_iron":39,"minecraft:acacia_log":41,"minecraft:porkchop":9,"minecraft:pointed_dripstone":1,"minecraft:spider_eye":2,"minecraft:arrow":1,"minecraft:diamond":1,"minecraft:stone_axe":1,"minecraft:hay_block":18,"minecraft:gray_wool":1,"minecraft:bread":10,"minecraft:oak_sapling":2,"minecraft:mutton":10,"minecraft:coal":90,"minecraft:white_wool":6,"minecraft:cobblestone":89},"minecraft:custom":{"minecraft:interact_with_furnace":37,"minecraft:mob_kills":25,"minecraft:interact_with_crafting_table":18,"minecraft:leave_game":4,"minecraft:time_since_death":25350,"minecraft:sleep_in_bed":3,"minecraft:time_since_rest":172,"minecraft:sprint_one_cm":116304,"minecraft:damage_taken":2384,"minecraft:walk_one_cm":103256,"minecraft:damage_blocked_by_shield":60,"minecraft:drop":10,"minecraft:damage_dealt":3492,"minecraft:swim_one_cm":48814,"minecraft:fly_one_cm":173501,"minecraft:open_chest":1,"minecraft:crouch_one_cm":659,"minecraft:play_time":64635,"minecraft:deaths":6,"minecraft:sneak_time":506,"minecraft:walk_under_water_one_cm":20269,"minecraft:jump":1071,"minecraft:walk_on_water_one_cm":18676,"minecraft:total_world_time":64635,"minecraft:fall_one_cm":41536},"minecraft:dropped":{"minecraft:stone_axe":1,"minecraft:wheat_seeds":1,"minecraft:pointed_dripstone":1,"minecraft:gray_wool":1,"minecraft:oak_sapling":2,"minecraft:spider_eye":2,"minecraft:wooden_pickaxe":2},"minecraft:killed":{"minecraft:pig":4,"minecraft:skeleton":3,"minecraft:sheep":7,"minecraft:zombie":2,"minecraft:cow":8}},"DataVersion":3953}