{"stats":{"minecraft:killed_by":{"minecraft:player":1,"minecraft:skeleton":1,"minecraft:zombie":1},"minecraft:used":{"minecraft:cooked_mutton":5,"minecraft:water_bucket":7,"minecraft:stone_sword":125,"minecraft:stone_pickaxe":222,"minecraft:oak_planks":7,"minecraft:blackstone":2,"minecraft:shield":9,"minecraft:wooden_pickaxe":30,"minecraft:torch":8,"minecraft:dirt":2,"minecraft:crafting_table":8,"minecraft:red_bed":2,"minecraft:acacia_sapling":2,"minecraft:wooden_axe":2,"minecraft:bread":10,"minecraft:melon_slice":19,"minecraft:iron_pickaxe":24,"minecraft:stone_axe":44,"minecraft:wooden_sword":3,"minecraft:cobblestone":46,"minecraft:furnace":4,"minecraft:cooked_porkchop":4,"minecraft:andesite":2,"minecraft:bucket":7,"minecraft:acacia_planks":3,"minecraft:cobbled_deepslate":4},"minecraft:broken":{"minecraft:stone_pickaxe":1},"minecraft:mined":{"minecraft:acacia_leaves":45,"minecraft:red_bed":2,"minecraft:blackstone":7,"minecraft:deepslate_diamond_ore":1,"minecraft:crafting_table":8,"minecraft:short_grass":7,"minecraft:acacia_log":40,"minecraft:grass_block":2,"minecraft:melon":15,"minecraft:dead_bush":1,"minecraft:cobblestone":4,"minecraft:lapis_ore":1,"minecraft:moss_block":1,"minecraft:wall_torch":1,"minecraft:hay_block":17,"minecraft:furnace":2,"minecraft:cobbled_deepslate":1,"minecraft:iron_ore":50,"minecraft:fire":2,"minecraft:andesite":2,"minecraft:oak_log":5,"minecraft:coal_ore":104,"minecraft:deepslate_iron_ore":12,"minecraft:stone":86,"minecraft:deepslate":3},"minecraft:crafted":{"minecraft:cooked_beef":9,"minecraft:wooden_sword":1,"minecraft:oak_planks":20,"minecraft:cooked_porkchop":9,"minecraft:crafting_table":3,"minecraft:wooden_pickaxe":2,"minecraft:furnace":3,"minecraft:bucket":1,"minecraft:stone_axe":2,"minecraft:cooked_mutton":5,"minecraft:air":0,"minecraft:shield":2,"minecraft:stick":32,"minecraft:iron_ingot":17,"minecraft:iron_pickaxe":1,"minecraft:stone_pickaxe":3,"minecraft:wooden_axe":1,"minecraft:stone_sword":2,"minecraft:acacia_planks":164,"minecraft:torch":8},"minecraft:picked_up":{"minecraft:crafting_table":8,"minecraft:andesite":2,"minecraft:leather":4,"minecraft:oak_log":5,"minecraft:string":5,"minecraft:dirt":2,"minecraft:red_bed":3,"minecraft:bone":6,"minecraft:blackstone":7,"minecraft:bow":1,"minecraft:wheat_seeds":1,"minecraft:cobbled_deepslate":4,"minecraft:beef":18,"minecraft:stone_pickaxe":1,"minecraft:melon_slice":81,"minecraft:acacia_sapling":2,"minecraft:furnace":2,"minecraft:stick":3,"minecraft:raw_iron":62,"minecraft:torch":1,"minecraft:acacia_log":41,"minecraft:porkchop":9,"minecraft:pointed_dripstone":1,"minecraft:spider_eye":4,"minecraft:arrow":4,"minecraft:rotten_flesh":9,"minecraft:diamond":1,"minecraft:stone_axe":1,"minecraft:hay_block":18,"minecraft:gray_wool":1,"minecraft:bread":10,"minecraft:oak_sapling":2,"minecraft:mutton":10,"minecraft:coal":104,"minecraft:white_wool":6,"minecraft:cobblestone":89},"minecraft:custom":{"minecraft:interact_with_furnace":37,"minecraft:mob_kills":39,"minecraft:interact_with_crafting_table":19,"minecraft:leave_game":9,"minecraft:time_since_death":51505,"minecraft:sleep_in_bed":3,"minecraft:time_since_rest":26327,"minecraft:sprint_one_cm":168387,"minecraft:damage_taken":2989,"minecraft:walk_one_cm":139242,"minecraft:damage_blocked_by_shield":299,"minecraft:drop":12,"minecraft:damage_dealt":6297,"minecraft:swim_one_cm":48814,"minecraft:fly_one_cm":208288,"minecraft:open_chest":5,"minecraft:crouch_one_cm":1347,"minecraft:play_time":90790,"minecraft:deaths":6,"minecraft:sneak_time":820,"minecraft:walk_under_water_one_cm":20269,"minecraft:jump":1342,"minecraft:walk_on_water_one_cm":20157,"minecraft:total_world_time":90790,"minecraft:fall_one_cm":51044},"minecraft:dropped":{"minecraft:stone_axe":1,"minecraft:wheat_seeds":1,"minecraft:pointed_dripstone":1,"minecraft:stick":1,"minecraft:gray_wool":1,"minecraft:oak_sapling":2,"minecraft:spider_eye":2,"minecraft:stone_pickaxe":1,"minecraft:wooden_pickaxe":2},"minecraft:killed":{"minecraft:pig":4,"minecraft:spider":4,"minecraft:skeleton":6,"minecraft:sheep":7,"minecraft:zombie":9,"minecraft:cow":8}},"DataVersion":3953}