{"stats":{"minecraft:killed_by":{"minecraft:player":1,"minecraft:skeleton":1,"minecraft:zombie":1},"minecraft:used":{"minecraft:cooked_mutton":5,"minecraft:water_bucket":7,"minecraft:stone_sword":142,"minecraft:stone_pickaxe":281,"minecraft:oak_planks":22,"minecraft:blackstone":23,"minecraft:shield":11,"minecraft:wooden_pickaxe":30,"minecraft:torch":13,"minecraft:dirt":2,"minecraft:crafting_table":9,"minecraft:red_bed":2,"minecraft:acacia_sapling":2,"minecraft:wooden_axe":2,"minecraft:bread":10,"minecraft:melon_slice":42,"minecraft:iron_pickaxe":24,"minecraft:smooth_basalt":3,"minecraft:stone_axe":50,"minecraft:wooden_sword":3,"minecraft:cobblestone":47,"minecraft:furnace":6,"minecraft:cooked_porkchop":4,"minecraft:andesite":2,"minecraft:bucket":7,"minecraft:acacia_planks":3,"minecraft:cobbled_deepslate":11},"minecraft:broken":{"minecraft:stone_pickaxe":1},"minecraft:mined":{"minecraft:acacia_leaves":45,"minecraft:red_bed":2,"minecraft:blackstone":29,"minecraft:deepslate_diamond_ore":1,"minecraft:crafting_table":8,"minecraft:short_grass":7,"minecraft:acacia_log":40,"minecraft:grass_block":2,"minecraft:melon":15,"minecraft:dead_bush":1,"minecraft:cobblestone":4,"minecraft:lapis_ore":1,"minecraft:oak_planks":6,"minecraft:moss_block":1,"minecraft:wall_torch":1,"minecraft:hay_block":17,"minecraft:furnace":2,"minecraft:cobbled_deepslate":1,"minecraft:iron_ore":50,"minecraft:fire":2,"minecraft:andesite":2,"minecraft:oak_log":5,"minecraft:coal_ore":104,"minecraft:deepslate_iron_ore":15,"minecraft:smooth_basalt":3,"minecraft:stone":110,"minecraft:deepslate":10},"minecraft:crafted":{"minecraft:cooked_beef":9,"minecraft:wooden_sword":1,"minecraft:oak_planks":20,"minecraft:cooked_porkchop":9,"minecraft:crafting_table":3,"minecraft:wooden_pickaxe":2,"minecraft:furnace":5,"minecraft:bucket":1,"minecraft:stone_axe":2,"minecraft:cooked_mutton":5,"minecraft:air":0,"minecraft:shield":2,"minecraft:stick":32,"minecraft:iron_ingot":17,"minecraft:iron_pickaxe":1,"minecraft:stone_pickaxe":3,"minecraft:wooden_axe":1,"minecraft:stone_sword":2,"minecraft:acacia_planks":164,"minecraft:torch":12},"minecraft:picked_up":{"minecraft:crafting_table":8,"minecraft:andesite":2,"minecraft:leather":4,"minecraft:oak_log":5,"minecraft:string":5,"minecraft:dirt":2,"minecraft:red_bed":3,"minecraft:bone":9,"minecraft:blackstone":29,"minecraft:bow":1,"minecraft:wheat_seeds":1,"minecraft:cobbled_deepslate":11,"minecraft:beef":18,"minecraft:stone_pickaxe":1,"minecraft:melon_slice":81,"minecraft:oak_planks":6,"minecraft:acacia_sapling":2,"minecraft:furnace":2,"minecraft:stick":3,"minecraft:raw_iron":65,"minecraft:smooth_basalt":3,"minecraft:torch":1,"minecraft:acacia_log":41,"minecraft:porkchop":9,"minecraft:pointed_dripstone":1,"minecraft:spider_eye":4,"minecraft:arrow":4,"minecraft:rotten_flesh":10,"minecraft:diamond":1,"minecraft:stone_axe":1,"minecraft:hay_block":18,"minecraft:gray_wool":1,"minecraft:bread":10,"minecraft:oak_sapling":2,"minecraft:mutton":10,"minecraft:coal":104,"minecraft:white_wool":6,"minecraft:cobblestone":113},"minecraft:custom":{"minecraft:interact_with_furnace":40,"minecraft:mob_kills":43,"minecraft:interact_with_crafting_table":21,"minecraft:leave_game":9,"minecraft:time_since_death":63462,"minecraft:sleep_in_bed":3,"minecraft:time_since_rest":38284,"minecraft:sprint_one_cm":178512,"minecraft:damage_taken":3414,"minecraft:walk_one_cm":161991,"minecraft:damage_blocked_by_shield":354,"minecraft:drop":12,"minecraft:damage_dealt":6927,"minecraft:swim_one_cm":48814,"minecraft:fly_one_cm":215180,"minecraft:open_chest":5,"minecraft:crouch_one_cm":1785,"minecraft:play_time":102747,"minecraft:deaths":6,"minecraft:sneak_time":1211,"minecraft:walk_under_water_one_cm":20269,"minecraft:jump":1489,"minecraft:walk_on_water_one_cm":20157,"minecraft:total_world_time":102747,"minecraft:fall_one_cm":58443},"minecraft:dropped":{"minecraft:stone_axe":1,"minecraft:wheat_seeds":1,"minecraft:pointed_dripstone":1,"minecraft:stick":1,"minecraft:gray_wool":1,"minecraft:oak_sapling":2,"minecraft:spider_eye":2,"minecraft:stone_pickaxe":1,"minecraft:wooden_pickaxe":2},"minecraft:killed":{"minecraft:pig":4,"minecraft:spider":4,"minecraft:skeleton":8,"minecraft:sheep":7,"minecraft:zombie":11,"minecraft:cow":8}},"DataVersion":3953}