{"stats":{"minecraft:killed":{"minecraft:pig":4,"minecraft:spider":6,"minecraft:skeleton":8,"minecraft:sheep":7,"minecraft:zombie":19,"minecraft:cow":8},"minecraft:killed_by":{"minecraft:player":1,"minecraft:skeleton":1,"minecraft:zombie":1},"minecraft:crafted":{"minecraft:cooked_beef":9,"minecraft:wooden_sword":1,"minecraft:oak_planks":20,"minecraft:cooked_porkchop":9,"minecraft:crafting_table":3,"minecraft:iron_helmet":1,"minecraft:wooden_pickaxe":2,"minecraft:iron_sword":1,"minecraft:furnace":5,"minecraft:bucket":2,"minecraft:stone_axe":2,"minecraft:bread":54,"minecraft:cooked_mutton":5,"minecraft:air":0,"minecraft:diamond_pickaxe":1,"minecraft:diamond_helmet":1,"minecraft:iron_chestplate":1,"minecraft:diamond_leggings":1,"minecraft:iron_boots":1,"minecraft:shield":2,"minecraft:iron_axe":1,"minecraft:stick":48,"minecraft:iron_ingot":104,"minecraft:iron_pickaxe":4,"minecraft:stone_pickaxe":3,"minecraft:wooden_axe":1,"minecraft:stone_sword":2,"minecraft:chest":2,"minecraft:acacia_door":3,"minecraft:diamond_boots":1,"minecraft:iron_leggings":1,"minecraft:acacia_planks":164,"minecraft:torch":48,"minecraft:wheat":162,"minecraft:diamond_chestplate":1},"minecraft:picked_up":{"minecraft:crafting_table":10,"minecraft:andesite":52,"minecraft:leather":4,"minecraft:oak_log":5,"minecraft:string":7,"minecraft:dirt":18,"minecraft:red_bed":3,"minecraft:bone":9,"minecraft:blackstone":67,"minecraft:acacia_planks":3,"minecraft:bow":1,"minecraft:wheat_seeds":3,"minecraft:cobbled_deepslate":25,"minecraft:beef":18,"minecraft:stone_pickaxe":1,"minecraft:melon_slice":81,"minecraft:acacia_sapling":2,"minecraft:oak_planks":10,"minecraft:furnace":4,"minecraft:stick":3,"minecraft:raw_iron":114,"minecraft:smooth_basalt":3,"minecraft:torch":6,"minecraft:acacia_log":41,"minecraft:gravel":2,"minecraft:porkchop":9,"minecraft:pointed_dripstone":1,"minecraft:redstone":27,"minecraft:spider_eye":4,"minecraft:rotten_flesh":21,"minecraft:arrow":4,"minecraft:diamond":30,"minecraft:stone_axe":1,"minecraft:hay_block":18,"minecraft:gray_wool":1,"minecraft:bread":10,"minecraft:oak_sapling":2,"minecraft:mutton":10,"minecraft:coal":147,"minecraft:white_wool":6,"minecraft:cobblestone":128},"minecraft:used":{"minecraft:cooked_mutton":5,"minecraft:water_bucket":8,"minecraft:stone_sword":142,"minecraft:stone_pickaxe":284,"minecraft:oak_planks":30,"minecraft:blackstone":62,"minecraft:shield":15,"minecraft:chest":2,"minecraft:wooden_pickaxe":30,"minecraft:iron_sword":56,"minecraft:torch":29,"minecraft:dirt":18,"minecraft:crafting_table":11,"minecraft:red_bed":2,"minecraft:crossbow":1,"minecraft:acacia_sapling":2,"minecraft:wooden_axe":2,"minecraft:iron_axe":8,"minecraft:bread":11,"minecraft:acacia_door":2,"minecraft:melon_slice":81,"minecraft:iron_pickaxe":250,"minecraft:wooden_sword":3,"minecraft:stone_axe":50,"minecraft:smooth_basalt":3,"minecraft:cobblestone":56,"minecraft:cooked_porkchop":4,"minecraft:furnace":8,"minecraft:bucket":9,"minecraft:andesite":20,"minecraft:acacia_planks":25,"minecraft:cobbled_deepslate":25},"minecraft:broken":{"minecraft:stone_pickaxe":1},"minecraft:custom":{"minecraft:interact_with_furnace":54,"minecraft:mob_kills":53,"minecraft:interact_with_crafting_table":33,"minecraft:leave_game":12,"minecraft:time_since_death":142935,"minecraft:sleep_in_bed":3,"minecraft:time_since_rest":117757,"minecraft:sprint_one_cm":231434,"minecraft:damage_taken":3981,"minecraft:walk_one_cm":250091,"minecraft:damage_blocked_by_shield":628,"minecraft:drop":57,"minecraft:damage_dealt":9043,"minecraft:swim_one_cm":50299,"minecraft:fly_one_cm":281533,"minecraft:open_chest":38,"minecraft:crouch_one_cm":3483,"minecraft:play_time":182220,"minecraft:deaths":6,"minecraft:sneak_time":1850,"minecraft:walk_under_water_one_cm":20812,"minecraft:jump":2015,"minecraft:walk_on_water_one_cm":25297,"minecraft:total_world_time":182220,"minecraft:fall_one_cm":68133},"minecraft:dropped":{"minecraft:gravel":2,"minecraft:stone_axe":2,"minecraft:wheat_seeds":2,"minecraft:stone_sword":1,"minecraft:diamond":40,"minecraft:pointed_dripstone":1,"minecraft:cobblestone":2,"minecraft:stick":1,"minecraft:gray_wool":1,"minecraft:spider_eye":4,"minecraft:oak_sapling":2,"minecraft:wooden_pickaxe":2,"minecraft:stone_pickaxe":2},"minecraft:mined":{"minecraft:deepslate_redstone_ore":6,"minecraft:acacia_leaves":45,"minecraft:red_bed":2,"minecraft:blackstone":68,"minecraft:deepslate_diamond_ore":12,"minecraft:torch":1,"minecraft:crafting_table":10,"minecraft:short_grass":10,"minecraft:acacia_log":40,"minecraft:grass_block":11,"minecraft:melon":15,"minecraft:dead_bush":1,"minecraft:cobblestone":4,"minecraft:tall_grass":1,"minecraft:lapis_ore":1,"minecraft:moss_block":1,"minecraft:oak_planks":9,"minecraft:wall_torch":2,"minecraft:hay_block":17,"minecraft:furnace":4,"minecraft:cobbled_deepslate":5,"minecraft:iron_ore":95,"minecraft:fire":2,"minecraft:andesite":52,"minecraft:coal_ore":147,"minecraft:oak_log":5,"minecraft:deepslate_iron_ore":19,"minecraft:dirt_path":2,"minecraft:gravel":1,"minecraft:dirt":6,"minecraft:smooth_basalt":3,"minecraft:acacia_planks":3,"minecraft:stone":124,"minecraft:deepslate":20}},"DataVersion":3953}