{"stats":{"minecraft:killed_by":{"minecraft:skeleton":1,"minecraft:spider":1},"minecraft:used":{"minecraft:short_grass":1,"minecraft:flint_and_steel":1,"minecraft:stone_pickaxe":50,"minecraft:spruce_planks":889,"minecraft:chest":3,"minecraft:wooden_pickaxe":21,"minecraft:iron_sword":17,"minecraft:torch":15,"minecraft:crafting_table":5,"minecraft:spruce_stairs":23,"minecraft:white_bed":6,"minecraft:spruce_log":74,"minecraft:dark_oak_door":2,"minecraft:obsidian":11,"minecraft:oak_log":2,"minecraft:glass":94,"minecraft:diamond_shovel":34,"minecraft:iron_axe":87,"minecraft:grass_block":3,"minecraft:iron_pickaxe":12,"minecraft:cobblestone":22,"minecraft:furnace":1,"minecraft:glass_pane":12,"minecraft:cooked_beef":11,"minecraft:acacia_planks":7},"minecraft:mined":{"minecraft:smithing_table":1,"minecraft:acacia_leaves":12,"minecraft:spruce_planks":35,"minecraft:white_bed":4,"minecraft:red_bed":7,"minecraft:crafting_table":2,"minecraft:short_grass":31,"minecraft:acacia_log":32,"minecraft:grass_block":33,"minecraft:poppy":1,"minecraft:andesite_wall":1,"minecraft:cobblestone":4,"minecraft:tall_grass":2,"minecraft:wall_torch":1,"minecraft:coarse_dirt":1,"minecraft:iron_ore":1,"minecraft:spruce_log":1,"minecraft:oak_log":6,"minecraft:coal_ore":11,"minecraft:dirt":2,"minecraft:cracked_stone_bricks":1,"minecraft:stone":33,"minecraft:stone_bricks":3,"minecraft:oak_leaves":2,"minecraft:green_bed":2},"minecraft:crafted":{"minecraft:crafting_table":3,"minecraft:spruce_planks":404,"minecraft:wooden_pickaxe":1,"minecraft:iron_sword":1,"minecraft:furnace":1,"minecraft:iron_axe":1,"minecraft:stick":120,"minecraft:stone_pickaxe":1,"minecraft:chest":3,"minecraft:acacia_planks":20,"minecraft:torch":40},"minecraft:picked_up":{"minecraft:iron_chestplate":4,"minecraft:crafting_table":2,"minecraft:coarse_dirt":3,"minecraft:cooked_beef":106,"minecraft:smithing_table":1,"minecraft:oak_log":18,"minecraft:gunpowder":1,"minecraft:dirt":12,"minecraft:red_bed":7,"minecraft:iron_axe":2,"minecraft:flint_and_steel":2,"minecraft:iron_leggings":5,"minecraft:stone_bricks":1,"minecraft:bow":2,"minecraft:cracked_stone_bricks":1,"minecraft:wheat_seeds":22,"minecraft:spruce_planks":550,"minecraft:stone_pickaxe":2,"minecraft:poppy":5,"minecraft:iron_pickaxe":3,"minecraft:light_gray_wool":1,"minecraft:iron_sword":2,"minecraft:iron_boots":3,"minecraft:stick":6,"minecraft:raw_iron":1,"minecraft:dandelion":1,"minecraft:green_bed":2,"minecraft:torch":79,"minecraft:acacia_log":51,"minecraft:grass_block":1,"minecraft:white_bed":5,"minecraft:spruce_log":1,"minecraft:andesite_wall":1,"minecraft:rotten_flesh":4,"minecraft:iron_helmet":4,"minecraft:mutton":3,"minecraft:coal":10,"minecraft:white_wool":1,"minecraft:cobblestone":35},"minecraft:custom":{"minecraft:interact_with_furnace":2,"minecraft:mob_kills":5,"minecraft:interact_with_crafting_table":7,"minecraft:open_barrel":1,"minecraft:leave_game":4,"minecraft:time_since_death":30471,"minecraft:sleep_in_bed":9,"minecraft:climb_one_cm":2037,"minecraft:time_since_rest":5612,"minecraft:sprint_one_cm":185461,"minecraft:damage_taken":1430,"minecraft:walk_one_cm":144566,"minecraft:drop":22,"minecraft:damage_dealt":807,"minecraft:fly_one_cm":254696,"minecraft:open_chest":14,"minecraft:crouch_one_cm":34874,"minecraft:play_time":125700,"minecraft:deaths":2,"minecraft:sneak_time":12074,"minecraft:walk_under_water_one_cm":615,"minecraft:jump":1102,"minecraft:walk_on_water_one_cm":433,"minecraft:total_world_time":125700,"minecraft:fall_one_cm":31163},"minecraft:dropped":{"minecraft:iron_ingot":2,"minecraft:wheat_seeds":1,"minecraft:cobblestone":1,"minecraft:andesite_wall":1,"minecraft:iron_helmet":2,"minecraft:iron_boots":1,"minecraft:cracked_stone_bricks":1,"minecraft:grass_block":2,"minecraft:dirt":3,"minecraft:spruce_planks":1,"minecraft:iron_chestplate":2,"minecraft:iron_leggings":3,"minecraft:stone_bricks":1,"minecraft:iron_pickaxe":1},"minecraft:killed":{"minecraft:spider":1,"minecraft:sheep":2,"minecraft:zombie":2}},"DataVersion":3953}