{"stats":{"minecraft:used":{"minecraft:grass_block":1,"minecraft:stone_pickaxe":50,"minecraft:iron_pickaxe":4,"minecraft:wooden_pickaxe":21,"minecraft:torch":1,"minecraft:cobblestone":22,"minecraft:crafting_table":3,"minecraft:furnace":1,"minecraft:white_bed":1,"minecraft:cooked_beef":4,"minecraft:acacia_planks":7},"minecraft:mined":{"minecraft:smithing_table":1,"minecraft:acacia_leaves":1,"minecraft:red_bed":5,"minecraft:iron_ore":1,"minecraft:crafting_table":1,"minecraft:short_grass":13,"minecraft:acacia_log":6,"minecraft:coal_ore":11,"minecraft:andesite_wall":1,"minecraft:tall_grass":2,"minecraft:cobblestone":4,"minecraft:stone":33,"minecraft:green_bed":2},"minecraft:crafted":{"minecraft:crafting_table":2,"minecraft:spruce_planks":128,"minecraft:stick":68,"minecraft:wooden_pickaxe":1,"minecraft:stone_pickaxe":1,"minecraft:furnace":1,"minecraft:acacia_planks":20,"minecraft:torch":40},"minecraft:picked_up":{"minecraft:iron_chestplate":2,"minecraft:crafting_table":1,"minecraft:raw_iron":1,"minecraft:smithing_table":1,"minecraft:green_bed":2,"minecraft:acacia_log":5,"minecraft:red_bed":5,"minecraft:dirt":3,"minecraft:andesite_wall":1,"minecraft:iron_leggings":3,"minecraft:wheat_seeds":3,"minecraft:iron_helmet":2,"minecraft:iron_pickaxe":1,"minecraft:coal":10,"minecraft:cobblestone":35,"minecraft:iron_boots":1},"minecraft:custom":{"minecraft:time_since_rest":14101,"minecraft:interact_with_furnace":2,"minecraft:sprint_one_cm":43226,"minecraft:damage_taken":305,"minecraft:walk_one_cm":33139,"minecraft:mob_kills":1,"minecraft:drop":13,"minecraft:damage_dealt":247,"minecraft:interact_with_crafting_table":4,"minecraft:fly_one_cm":66509,"minecraft:open_chest":4,"minecraft:crouch_one_cm":4216,"minecraft:play_time":46901,"minecraft:sneak_time":2367,"minecraft:walk_under_water_one_cm":615,"minecraft:jump":278,"minecraft:leave_game":1,"minecraft:walk_on_water_one_cm":433,"minecraft:time_since_death":46901,"minecraft:sleep_in_bed":1,"minecraft:total_world_time":46901,"minecraft:fall_one_cm":6177},"minecraft:dropped":{"minecraft:dirt":3,"minecraft:wheat_seeds":1,"minecraft:iron_chestplate":2,"minecraft:iron_helmet":2,"minecraft:iron_leggings":3,"minecraft:iron_boots":1,"minecraft:iron_pickaxe":1},"minecraft:killed":{"minecraft:spider":1}},"DataVersion":3953}