{"stats":{"minecraft:used":{"minecraft:flint_and_steel":1,"minecraft:stone_pickaxe":50,"minecraft:spruce_planks":17,"minecraft:wooden_pickaxe":21,"minecraft:iron_sword":4,"minecraft:torch":1,"minecraft:crafting_table":4,"minecraft:white_bed":3,"minecraft:obsidian":11,"minecraft:grass_block":1,"minecraft:iron_axe":2,"minecraft:iron_pickaxe":12,"minecraft:cobblestone":22,"minecraft:furnace":1,"minecraft:cooked_beef":7,"minecraft:acacia_planks":7},"minecraft:mined":{"minecraft:smithing_table":1,"minecraft:acacia_leaves":1,"minecraft:spruce_planks":1,"minecraft:white_bed":2,"minecraft:red_bed":7,"minecraft:crafting_table":2,"minecraft:short_grass":20,"minecraft:acacia_log":6,"minecraft:andesite_wall":1,"minecraft:tall_grass":2,"minecraft:cobblestone":4,"minecraft:iron_ore":1,"minecraft:coal_ore":11,"minecraft:cracked_stone_bricks":1,"minecraft:stone_bricks":3,"minecraft:stone":33,"minecraft:green_bed":2},"minecraft:crafted":{"minecraft:crafting_table":3,"minecraft:spruce_planks":128,"minecraft:wooden_pickaxe":1,"minecraft:iron_sword":1,"minecraft:furnace":1,"minecraft:iron_axe":1,"minecraft:stick":120,"minecraft:stone_pickaxe":1,"minecraft:acacia_planks":20,"minecraft:torch":40},"minecraft:picked_up":{"minecraft:iron_chestplate":2,"minecraft:crafting_table":2,"minecraft:smithing_table":1,"minecraft:dirt":3,"minecraft:red_bed":7,"minecraft:iron_leggings":3,"minecraft:stone_bricks":1,"minecraft:cracked_stone_bricks":1,"minecraft:wheat_seeds":4,"minecraft:spruce_planks":1,"minecraft:iron_pickaxe":1,"minecraft:iron_boots":1,"minecraft:raw_iron":1,"minecraft:acacia_log":5,"minecraft:green_bed":2,"minecraft:white_bed":2,"minecraft:andesite_wall":1,"minecraft:iron_helmet":2,"minecraft:mutton":1,"minecraft:coal":10,"minecraft:white_wool":1,"minecraft:cobblestone":35},"minecraft:custom":{"minecraft:interact_with_furnace":2,"minecraft:mob_kills":2,"minecraft:interact_with_crafting_table":6,"minecraft:open_barrel":1,"minecraft:leave_game":3,"minecraft:time_since_death":70028,"minecraft:sleep_in_bed":3,"minecraft:climb_one_cm":2037,"minecraft:time_since_rest":7547,"minecraft:sprint_one_cm":95590,"minecraft:damage_taken":525,"minecraft:walk_one_cm":54021,"minecraft:drop":18,"minecraft:damage_dealt":387,"minecraft:fly_one_cm":127055,"minecraft:open_chest":9,"minecraft:crouch_one_cm":6255,"minecraft:play_time":70028,"minecraft:sneak_time":3239,"minecraft:walk_under_water_one_cm":615,"minecraft:jump":479,"minecraft:walk_on_water_one_cm":433,"minecraft:total_world_time":70028,"minecraft:fall_one_cm":15270},"minecraft:dropped":{"minecraft:wheat_seeds":1,"minecraft:cobblestone":1,"minecraft:iron_helmet":2,"minecraft:andesite_wall":1,"minecraft:iron_boots":1,"minecraft:cracked_stone_bricks":1,"minecraft:grass_block":1,"minecraft:dirt":3,"minecraft:iron_chestplate":2,"minecraft:iron_leggings":3,"minecraft:stone_bricks":1,"minecraft:iron_pickaxe":1},"minecraft:killed":{"minecraft:spider":1,"minecraft:sheep":1}},"DataVersion":3953}