{"stats":{"minecraft:used":{"minecraft:flint_and_steel":1,"minecraft:stone_pickaxe":50,"minecraft:chest":3,"minecraft:spruce_planks":108,"minecraft:wooden_pickaxe":21,"minecraft:iron_sword":5,"minecraft:torch":1,"minecraft:crafting_table":5,"minecraft:white_bed":5,"minecraft:spruce_log":57,"minecraft:obsidian":11,"minecraft:diamond_shovel":34,"minecraft:grass_block":1,"minecraft:iron_axe":68,"minecraft:iron_pickaxe":12,"minecraft:cobblestone":22,"minecraft:furnace":1,"minecraft:cooked_beef":9,"minecraft:acacia_planks":7},"minecraft:mined":{"minecraft:smithing_table":1,"minecraft:acacia_leaves":11,"minecraft:spruce_planks":16,"minecraft:white_bed":3,"minecraft:red_bed":7,"minecraft:crafting_table":2,"minecraft:short_grass":29,"minecraft:acacia_log":32,"minecraft:grass_block":33,"minecraft:poppy":1,"minecraft:andesite_wall":1,"minecraft:tall_grass":2,"minecraft:cobblestone":4,"minecraft:coarse_dirt":1,"minecraft:iron_ore":1,"minecraft:oak_log":6,"minecraft:coal_ore":11,"minecraft:dirt":2,"minecraft:cracked_stone_bricks":1,"minecraft:stone_bricks":3,"minecraft:stone":33,"minecraft:green_bed":2},"minecraft:crafted":{"minecraft:crafting_table":3,"minecraft:spruce_planks":128,"minecraft:wooden_pickaxe":1,"minecraft:iron_sword":1,"minecraft:furnace":1,"minecraft:iron_axe":1,"minecraft:stick":120,"minecraft:stone_pickaxe":1,"minecraft:chest":3,"minecraft:acacia_planks":20,"minecraft:torch":40},"minecraft:picked_up":{"minecraft:coarse_dirt":1,"minecraft:iron_chestplate":2,"minecraft:crafting_table":2,"minecraft:smithing_table":1,"minecraft:oak_log":6,"minecraft:dirt":6,"minecraft:red_bed":7,"minecraft:iron_leggings":3,"minecraft:stone_bricks":1,"minecraft:cracked_stone_bricks":1,"minecraft:wheat_seeds":7,"minecraft:spruce_planks":11,"minecraft:poppy":1,"minecraft:iron_pickaxe":1,"minecraft:light_gray_wool":1,"minecraft:iron_boots":1,"minecraft:stick":2,"minecraft:raw_iron":1,"minecraft:acacia_log":29,"minecraft:green_bed":2,"minecraft:white_bed":3,"minecraft:andesite_wall":1,"minecraft:iron_helmet":2,"minecraft:mutton":3,"minecraft:coal":10,"minecraft:white_wool":1,"minecraft:cobblestone":35},"minecraft:custom":{"minecraft:interact_with_furnace":2,"minecraft:mob_kills":3,"minecraft:interact_with_crafting_table":7,"minecraft:open_barrel":1,"minecraft:leave_game":3,"minecraft:time_since_death":82028,"minecraft:sleep_in_bed":4,"minecraft:climb_one_cm":2037,"minecraft:time_since_rest":9287,"minecraft:sprint_one_cm":115490,"minecraft:damage_taken":775,"minecraft:walk_one_cm":75738,"minecraft:drop":18,"minecraft:damage_dealt":407,"minecraft:fly_one_cm":156205,"minecraft:open_chest":10,"minecraft:crouch_one_cm":9378,"minecraft:play_time":82028,"minecraft:sneak_time":5189,"minecraft:walk_under_water_one_cm":615,"minecraft:jump":661,"minecraft:walk_on_water_one_cm":433,"minecraft:total_world_time":82028,"minecraft:fall_one_cm":21851},"minecraft:dropped":{"minecraft:wheat_seeds":1,"minecraft:cobblestone":1,"minecraft:iron_helmet":2,"minecraft:andesite_wall":1,"minecraft:iron_boots":1,"minecraft:cracked_stone_bricks":1,"minecraft:grass_block":1,"minecraft:dirt":3,"minecraft:iron_chestplate":2,"minecraft:iron_leggings":3,"minecraft:stone_bricks":1,"minecraft:iron_pickaxe":1},"minecraft:killed":{"minecraft:spider":1,"minecraft:sheep":2}},"DataVersion":3953}