{"stats":{"minecraft:killed_by":{"minecraft:skeleton":1,"minecraft:spider":1},"minecraft:used":{"minecraft:flint_and_steel":1,"minecraft:stone_pickaxe":50,"minecraft:chest":3,"minecraft:spruce_planks":195,"minecraft:wooden_pickaxe":21,"minecraft:iron_sword":17,"minecraft:torch":1,"minecraft:crafting_table":5,"minecraft:white_bed":6,"minecraft:spruce_log":60,"minecraft:obsidian":11,"minecraft:diamond_shovel":34,"minecraft:grass_block":1,"minecraft:iron_axe":71,"minecraft:iron_pickaxe":12,"minecraft:cobblestone":22,"minecraft:furnace":1,"minecraft:cooked_beef":11,"minecraft:acacia_planks":7},"minecraft:mined":{"minecraft:smithing_table":1,"minecraft:acacia_leaves":12,"minecraft:spruce_planks":19,"minecraft:white_bed":4,"minecraft:red_bed":7,"minecraft:crafting_table":2,"minecraft:short_grass":31,"minecraft:acacia_log":32,"minecraft:grass_block":33,"minecraft:poppy":1,"minecraft:andesite_wall":1,"minecraft:tall_grass":2,"minecraft:cobblestone":4,"minecraft:coarse_dirt":1,"minecraft:iron_ore":1,"minecraft:spruce_log":1,"minecraft:oak_log":6,"minecraft:coal_ore":11,"minecraft:dirt":2,"minecraft:cracked_stone_bricks":1,"minecraft:stone_bricks":3,"minecraft:stone":33,"minecraft:oak_leaves":2,"minecraft:green_bed":2},"minecraft:crafted":{"minecraft:crafting_table":3,"minecraft:spruce_planks":404,"minecraft:wooden_pickaxe":1,"minecraft:iron_sword":1,"minecraft:furnace":1,"minecraft:iron_axe":1,"minecraft:stick":120,"minecraft:stone_pickaxe":1,"minecraft:chest":3,"minecraft:acacia_planks":20,"minecraft:torch":40},"minecraft:picked_up":{"minecraft:coarse_dirt":3,"minecraft:iron_chestplate":4,"minecraft:crafting_table":2,"minecraft:cooked_beef":106,"minecraft:smithing_table":1,"minecraft:oak_log":18,"minecraft:flint_and_steel":2,"minecraft:dirt":12,"minecraft:red_bed":7,"minecraft:iron_axe":2,"minecraft:iron_leggings":5,"minecraft:stone_bricks":1,"minecraft:bow":2,"minecraft:cracked_stone_bricks":1,"minecraft:wheat_seeds":7,"minecraft:spruce_planks":533,"minecraft:stone_pickaxe":2,"minecraft:poppy":1,"minecraft:iron_pickaxe":3,"minecraft:light_gray_wool":1,"minecraft:iron_sword":2,"minecraft:iron_boots":3,"minecraft:stick":6,"minecraft:raw_iron":1,"minecraft:torch":78,"minecraft:acacia_log":51,"minecraft:green_bed":2,"minecraft:white_bed":5,"minecraft:spruce_log":1,"minecraft:andesite_wall":1,"minecraft:rotten_flesh":4,"minecraft:iron_helmet":4,"minecraft:mutton":3,"minecraft:coal":10,"minecraft:white_wool":1,"minecraft:cobblestone":35},"minecraft:custom":{"minecraft:interact_with_furnace":2,"minecraft:mob_kills":5,"minecraft:interact_with_crafting_table":7,"minecraft:open_barrel":1,"minecraft:leave_game":4,"minecraft:time_since_death":513,"minecraft:sleep_in_bed":7,"minecraft:climb_one_cm":2037,"minecraft:time_since_rest":554,"minecraft:sprint_one_cm":126142,"minecraft:damage_taken":1350,"minecraft:walk_one_cm":84082,"minecraft:drop":18,"minecraft:damage_dealt":807,"minecraft:fly_one_cm":165587,"minecraft:open_chest":10,"minecraft:crouch_one_cm":13861,"minecraft:play_time":95742,"minecraft:deaths":2,"minecraft:sneak_time":6159,"minecraft:walk_under_water_one_cm":615,"minecraft:jump":754,"minecraft:walk_on_water_one_cm":433,"minecraft:total_world_time":95742,"minecraft:fall_one_cm":27008},"minecraft:dropped":{"minecraft:wheat_seeds":1,"minecraft:cobblestone":1,"minecraft:iron_helmet":2,"minecraft:andesite_wall":1,"minecraft:iron_boots":1,"minecraft:cracked_stone_bricks":1,"minecraft:grass_block":1,"minecraft:dirt":3,"minecraft:iron_chestplate":2,"minecraft:iron_leggings":3,"minecraft:stone_bricks":1,"minecraft:iron_pickaxe":1},"minecraft:killed":{"minecraft:spider":1,"minecraft:sheep":2,"minecraft:zombie":2}},"DataVersion":3953}