{"stats":{"minecraft:killed_by":{"minecraft:skeleton":1,"minecraft:spider":1},"minecraft:used":{"minecraft:short_grass":1,"minecraft:flint_and_steel":2,"minecraft:stone_pickaxe":50,"minecraft:chest":3,"minecraft:spruce_planks":1023,"minecraft:wooden_pickaxe":21,"minecraft:iron_sword":20,"minecraft:torch":20,"minecraft:dirt":2,"minecraft:crafting_table":6,"minecraft:spruce_stairs":23,"minecraft:white_bed":11,"minecraft:spruce_log":127,"minecraft:dark_oak_door":2,"minecraft:obsidian":21,"minecraft:oak_log":2,"minecraft:glass":123,"minecraft:diamond_pickaxe":18,"minecraft:diamond_shovel":34,"minecraft:acacia_door":2,"minecraft:iron_axe":93,"minecraft:grass_block":20,"minecraft:iron_pickaxe":12,"minecraft:diamond_sword":24,"minecraft:bow":11,"minecraft:cobblestone":22,"minecraft:furnace":1,"minecraft:glass_pane":12,"minecraft:cooked_beef":22,"minecraft:acacia_planks":14},"minecraft:mined":{"minecraft:smithing_table":1,"minecraft:acacia_leaves":12,"minecraft:spruce_planks":41,"minecraft:white_bed":4,"minecraft:red_bed":7,"minecraft:obsidian":11,"minecraft:crafting_table":2,"minecraft:short_grass":40,"minecraft:acacia_log":32,"minecraft:grass_block":33,"minecraft:poppy":1,"minecraft:andesite_wall":1,"minecraft:tall_grass":2,"minecraft:cobblestone":4,"minecraft:wall_torch":1,"minecraft:coarse_dirt":1,"minecraft:iron_ore":1,"minecraft:spruce_log":1,"minecraft:oak_log":6,"minecraft:coal_ore":11,"minecraft:dirt":2,"minecraft:cracked_stone_bricks":1,"minecraft:stone":33,"minecraft:stone_bricks":3,"minecraft:oak_leaves":2,"minecraft:green_bed":2},"minecraft:crafted":{"minecraft:diamond_sword":1,"minecraft:crafting_table":3,"minecraft:spruce_planks":660,"minecraft:wooden_pickaxe":1,"minecraft:iron_sword":1,"minecraft:furnace":1,"minecraft:diamond_helmet":1,"minecraft:diamond_leggings":1,"minecraft:diamond_pickaxe":1,"minecraft:iron_axe":1,"minecraft:stick":244,"minecraft:stone_pickaxe":1,"minecraft:chest":3,"minecraft:diamond_boots":1,"minecraft:acacia_planks":20,"minecraft:torch":40,"minecraft:diamond_chestplate":1},"minecraft:picked_up":{"minecraft:iron_chestplate":4,"minecraft:crafting_table":2,"minecraft:coarse_dirt":3,"minecraft:cooked_beef":106,"minecraft:smithing_table":1,"minecraft:oak_log":18,"minecraft:gunpowder":1,"minecraft:acacia_door":2,"minecraft:string":4,"minecraft:dirt":15,"minecraft:red_bed":7,"minecraft:iron_axe":2,"minecraft:flint_and_steel":2,"minecraft:iron_leggings":5,"minecraft:acacia_planks":2,"minecraft:stone_bricks":1,"minecraft:bow":2,"minecraft:cracked_stone_bricks":1,"minecraft:wheat_seeds":25,"minecraft:spruce_planks":556,"minecraft:stone_pickaxe":2,"minecraft:poppy":5,"minecraft:iron_pickaxe":3,"minecraft:light_gray_wool":1,"minecraft:acacia_sapling":1,"minecraft:iron_sword":2,"minecraft:iron_boots":3,"minecraft:stick":7,"minecraft:raw_iron":1,"minecraft:green_bed":2,"minecraft:dandelion":1,"minecraft:torch":80,"minecraft:acacia_log":51,"minecraft:spruce_log":1,"minecraft:white_bed":5,"minecraft:grass_block":1,"minecraft:andesite_wall":1,"minecraft:arrow":2,"minecraft:rotten_flesh":4,"minecraft:diamond":40,"minecraft:iron_helmet":4,"minecraft:mutton":3,"minecraft:obsidian":11,"minecraft:coal":10,"minecraft:white_wool":1,"minecraft:cobblestone":36},"minecraft:custom":{"minecraft:interact_with_furnace":2,"minecraft:mob_kills":10,"minecraft:interact_with_crafting_table":10,"minecraft:open_barrel":1,"minecraft:leave_game":8,"minecraft:time_since_death":91229,"minecraft:sleep_in_bed":9,"minecraft:climb_one_cm":2037,"minecraft:time_since_rest":66370,"minecraft:sprint_one_cm":265168,"minecraft:damage_taken":2348,"minecraft:walk_one_cm":224115,"minecraft:drop":24,"minecraft:damage_dealt":1912,"minecraft:fly_one_cm":385292,"minecraft:open_chest":24,"minecraft:crouch_one_cm":44050,"minecraft:play_time":186458,"minecraft:deaths":2,"minecraft:sneak_time":17491,"minecraft:walk_under_water_one_cm":727,"minecraft:jump":1681,"minecraft:walk_on_water_one_cm":2034,"minecraft:total_world_time":186458,"minecraft:fall_one_cm":45295},"minecraft:dropped":{"minecraft:iron_ingot":2,"minecraft:wheat_seeds":1,"minecraft:diamond":18,"minecraft:andesite_wall":1,"minecraft:cobblestone":1,"minecraft:iron_helmet":2,"minecraft:iron_boots":1,"minecraft:cracked_stone_bricks":1,"minecraft:grass_block":2,"minecraft:dirt":3,"minecraft:spruce_planks":1,"minecraft:iron_chestplate":2,"minecraft:iron_leggings":3,"minecraft:stone_bricks":1,"minecraft:iron_pickaxe":1},"minecraft:killed":{"minecraft:spider":3,"minecraft:skeleton":2,"minecraft:sheep":2,"minecraft:zombie":3}},"DataVersion":3953}