{"stats":{"minecraft:killed_by":{"minecraft:zombie":1},"minecraft:broken":{"minecraft:stone_axe":1},"minecraft:used":{"minecraft:cooked_mutton":2,"minecraft:stone_shovel":18,"minecraft:stone_pickaxe":83,"minecraft:oak_planks":83,"minecraft:wooden_pickaxe":13,"minecraft:stone_hoe":24,"minecraft:rotten_flesh":2,"minecraft:torch":21,"minecraft:dirt":8,"minecraft:mutton":2,"minecraft:crafting_table":10,"minecraft:red_bed":6,"minecraft:oak_log":9,"minecraft:wooden_axe":22,"minecraft:bread":10,"minecraft:stone_axe":104,"minecraft:furnace":8,"minecraft:porkchop":2,"minecraft:acacia_planks":25},"minecraft:mined":{"minecraft:acacia_leaves":4,"minecraft:red_bed":6,"minecraft:brewing_stand":1,"minecraft:torch":13,"minecraft:crafting_table":9,"minecraft:short_grass":55,"minecraft:acacia_log":9,"minecraft:grass_block":24,"minecraft:poppy":1,"minecraft:lectern":1,"minecraft:tall_grass":26,"minecraft:oak_planks":13,"minecraft:sugar_cane":2,"minecraft:wall_torch":6,"minecraft:hay_block":21,"minecraft:furnace":5,"minecraft:bookshelf":8,"minecraft:coal_ore":48,"minecraft:oak_log":33,"minecraft:gravel":1,"minecraft:dirt":1,"minecraft:acacia_planks":2,"minecraft:stone":41},"minecraft:crafted":{"minecraft:cooked_beef":8,"minecraft:red_dye":1,"minecraft:oak_door":3,"minecraft:oak_planks":96,"minecraft:stone_shovel":1,"minecraft:cooked_porkchop":1,"minecraft:crafting_table":2,"minecraft:wooden_pickaxe":1,"minecraft:iron_helmet":1,"minecraft:red_bed":1,"minecraft:furnace":3,"minecraft:stone_axe":1,"minecraft:bread":40,"minecraft:cooked_mutton":19,"minecraft:air":0,"minecraft:stick":20,"minecraft:stone_pickaxe":1,"minecraft:wooden_axe":1,"minecraft:white_bed":1,"minecraft:acacia_planks":36,"minecraft:torch":32,"minecraft:stone_hoe":1,"minecraft:wheat":171},"minecraft:picked_up":{"minecraft:crafting_table":10,"minecraft:leather":2,"minecraft:brown_wool":1,"minecraft:flint":1,"minecraft:oak_log":33,"minecraft:brewing_stand":1,"minecraft:dirt":25,"minecraft:red_bed":6,"minecraft:acacia_planks":2,"minecraft:wheat_seeds":9,"minecraft:iron_ingot":5,"minecraft:beef":8,"minecraft:poppy":1,"minecraft:lectern":1,"minecraft:sugar_cane":4,"minecraft:oak_planks":13,"minecraft:furnace":5,"minecraft:book":24,"minecraft:stick":5,"minecraft:torch":19,"minecraft:acacia_log":9,"minecraft:porkchop":11,"minecraft:arrow":2,"minecraft:rotten_flesh":2,"minecraft:hay_block":19,"minecraft:mutton":14,"minecraft:coal":48,"minecraft:cobblestone":41,"minecraft:white_wool":7},"minecraft:custom":{"minecraft:interact_with_furnace":35,"minecraft:mob_kills":24,"minecraft:animals_bred":6,"minecraft:interact_with_crafting_table":10,"minecraft:bell_ring":1,"minecraft:interact_with_grindstone":1,"minecraft:leave_game":4,"minecraft:time_since_death":77469,"minecraft:sleep_in_bed":7,"minecraft:time_since_rest":910,"minecraft:sprint_one_cm":178030,"minecraft:damage_taken":686,"minecraft:walk_one_cm":206282,"minecraft:drop":13,"minecraft:damage_dealt":3623,"minecraft:swim_one_cm":6452,"minecraft:talked_to_villager":11,"minecraft:fly_one_cm":185771,"minecraft:player_kills":1,"minecraft:open_chest":2,"minecraft:crouch_one_cm":1269,"minecraft:play_time":82454,"minecraft:deaths":1,"minecraft:sneak_time":662,"minecraft:walk_under_water_one_cm":1309,"minecraft:jump":1139,"minecraft:walk_on_water_one_cm":3029,"minecraft:total_world_time":82454,"minecraft:fall_one_cm":30729},"minecraft:dropped":{"minecraft:bread":10,"minecraft:crafting_table":1,"minecraft:dirt":1,"minecraft:red_bed":1},"minecraft:killed":{"minecraft:armadillo":1,"minecraft:pig":6,"minecraft:iron_golem":1,"minecraft:sheep":8,"minecraft:skeleton":1,"minecraft:zombie":3,"minecraft:villager":1,"minecraft:cow":3}},"DataVersion":3953}