{"stats":{"minecraft:killed_by":{"minecraft:zombie":1,"minecraft:enderman":1},"minecraft:broken":{"minecraft:stone_axe":1,"minecraft:wooden_axe":1},"minecraft:used":{"minecraft:oak_fence":1,"minecraft:wheat_seeds":3,"minecraft:cooked_mutton":2,"minecraft:acacia_log":6,"minecraft:stone_shovel":71,"minecraft:stone_pickaxe":96,"minecraft:ladder":6,"minecraft:oak_planks":83,"minecraft:chest":3,"minecraft:wooden_pickaxe":13,"minecraft:stone":1,"minecraft:stone_hoe":30,"minecraft:rotten_flesh":2,"minecraft:oak_door":2,"minecraft:torch":32,"minecraft:dirt":26,"minecraft:mutton":2,"minecraft:crafting_table":11,"minecraft:red_bed":7,"minecraft:acacia_sapling":1,"minecraft:white_bed":1,"minecraft:oak_log":9,"minecraft:wooden_axe":58,"minecraft:bread":14,"minecraft:oak_pressure_plate":2,"minecraft:stone_axe":120,"minecraft:cobblestone":6,"minecraft:porkchop":2,"minecraft:oak_sapling":1,"minecraft:furnace":8,"minecraft:acacia_planks":120},"minecraft:mined":{"minecraft:acacia_leaves":5,"minecraft:red_bed":7,"minecraft:brewing_stand":1,"minecraft:oak_fence":1,"minecraft:crafting_table":9,"minecraft:torch":14,"minecraft:short_grass":127,"minecraft:acacia_log":46,"minecraft:grass_block":42,"minecraft:poppy":1,"minecraft:chest":1,"minecraft:lectern":1,"minecraft:tall_grass":37,"minecraft:oak_planks":13,"minecraft:sugar_cane":2,"minecraft:wall_torch":10,"minecraft:hay_block":21,"minecraft:furnace":5,"minecraft:iron_ore":1,"minecraft:bookshelf":8,"minecraft:coal_ore":48,"minecraft:oak_log":33,"minecraft:gravel":1,"minecraft:dirt":21,"minecraft:acacia_planks":9,"minecraft:stone":53},"minecraft:crafted":{"minecraft:cooked_beef":8,"minecraft:red_dye":1,"minecraft:oak_door":3,"minecraft:oak_planks":96,"minecraft:stone_shovel":2,"minecraft:cooked_porkchop":9,"minecraft:crafting_table":2,"minecraft:oak_pressure_plate":2,"minecraft:iron_helmet":1,"minecraft:wooden_pickaxe":1,"minecraft:red_bed":1,"minecraft:furnace":3,"minecraft:stone":2,"minecraft:stone_axe":2,"minecraft:bread":40,"minecraft:cooked_mutton":19,"minecraft:air":0,"minecraft:ladder":6,"minecraft:stick":40,"minecraft:stone_pickaxe":1,"minecraft:wooden_axe":1,"minecraft:chest":2,"minecraft:white_bed":2,"minecraft:acacia_planks":152,"minecraft:torch":32,"minecraft:stone_hoe":2,"minecraft:shears":1,"minecraft:wheat":171},"minecraft:picked_up":{"minecraft:crafting_table":10,"minecraft:cooked_beef":8,"minecraft:golden_pickaxe":1,"minecraft:leather":4,"minecraft:brown_wool":2,"minecraft:flint":6,"minecraft:oak_log":33,"minecraft:brewing_stand":2,"minecraft:paper":8,"minecraft:dirt":99,"minecraft:red_bed":7,"minecraft:flint_and_steel":1,"minecraft:cooked_mutton":17,"minecraft:bone":6,"minecraft:acacia_planks":11,"minecraft:wheat_seeds":20,"minecraft:gold_nugget":5,"minecraft:beef":8,"minecraft:iron_ingot":7,"minecraft:stone_pickaxe":1,"minecraft:poppy":1,"minecraft:lectern":2,"minecraft:acacia_sapling":1,"minecraft:sugar_cane":8,"minecraft:chest":1,"minecraft:oak_planks":13,"minecraft:stone_hoe":1,"minecraft:furnace":5,"minecraft:book":48,"minecraft:stick":7,"minecraft:raw_iron":2,"minecraft:stone":1,"minecraft:cooked_porkchop":9,"minecraft:oak_fence":1,"minecraft:torch":48,"minecraft:acacia_log":52,"minecraft:fire_charge":1,"minecraft:porkchop":11,"minecraft:spider_eye":2,"minecraft:arrow":8,"minecraft:stone_shovel":1,"minecraft:rotten_flesh":2,"minecraft:stone_axe":1,"minecraft:shears":1,"minecraft:iron_helmet":1,"minecraft:hay_block":19,"minecraft:bread":19,"minecraft:oak_sapling":1,"minecraft:mutton":15,"minecraft:coal":83,"minecraft:white_wool":62,"minecraft:cobblestone":62},"minecraft:custom":{"minecraft:interact_with_furnace":41,"minecraft:mob_kills":26,"minecraft:animals_bred":14,"minecraft:interact_with_crafting_table":30,"minecraft:bell_ring":1,"minecraft:interact_with_grindstone":1,"minecraft:leave_game":8,"minecraft:time_since_death":8090,"minecraft:sleep_in_bed":9,"minecraft:climb_one_cm":5809,"minecraft:time_since_rest":7640,"minecraft:sprint_one_cm":255191,"minecraft:damage_taken":1351,"minecraft:walk_one_cm":336827,"minecraft:drop":13,"minecraft:damage_dealt":4159,"minecraft:swim_one_cm":6452,"minecraft:talked_to_villager":11,"minecraft:fly_one_cm":302204,"minecraft:player_kills":1,"minecraft:open_chest":8,"minecraft:crouch_one_cm":3064,"minecraft:play_time":124396,"minecraft:deaths":3,"minecraft:sneak_time":1259,"minecraft:walk_under_water_one_cm":1309,"minecraft:jump":1768,"minecraft:walk_on_water_one_cm":3386,"minecraft:total_world_time":124396,"minecraft:fall_one_cm":55794},"minecraft:dropped":{"minecraft:bread":10,"minecraft:crafting_table":1,"minecraft:dirt":1,"minecraft:red_bed":1},"minecraft:killed":{"minecraft:armadillo":1,"minecraft:pig":6,"minecraft:spider":1,"minecraft:iron_golem":1,"minecraft:skeleton":2,"minecraft:sheep":8,"minecraft:zombie":3,"minecraft:villager":1,"minecraft:cow":3}},"DataVersion":3953}