{"stats":{"minecraft:killed_by":{"minecraft:zombie":1},"minecraft:broken":{"minecraft:stone_axe":1,"minecraft:wooden_axe":1},"minecraft:used":{"minecraft:wheat_seeds":3,"minecraft:oak_fence":1,"minecraft:cooked_mutton":2,"minecraft:acacia_log":6,"minecraft:stone_shovel":38,"minecraft:stone_pickaxe":96,"minecraft:ladder":6,"minecraft:oak_planks":83,"minecraft:wooden_pickaxe":13,"minecraft:stone":1,"minecraft:stone_hoe":28,"minecraft:rotten_flesh":2,"minecraft:oak_door":2,"minecraft:torch":28,"minecraft:dirt":26,"minecraft:mutton":2,"minecraft:crafting_table":11,"minecraft:red_bed":7,"minecraft:white_bed":1,"minecraft:acacia_sapling":1,"minecraft:oak_log":9,"minecraft:wooden_axe":58,"minecraft:bread":13,"minecraft:oak_pressure_plate":2,"minecraft:stone_axe":104,"minecraft:cobblestone":6,"minecraft:oak_sapling":1,"minecraft:furnace":8,"minecraft:porkchop":2,"minecraft:acacia_planks":120},"minecraft:mined":{"minecraft:acacia_leaves":5,"minecraft:red_bed":7,"minecraft:oak_fence":1,"minecraft:brewing_stand":1,"minecraft:torch":13,"minecraft:crafting_table":9,"minecraft:short_grass":59,"minecraft:acacia_log":40,"minecraft:grass_block":42,"minecraft:poppy":1,"minecraft:lectern":1,"minecraft:tall_grass":26,"minecraft:sugar_cane":2,"minecraft:oak_planks":13,"minecraft:wall_torch":8,"minecraft:hay_block":21,"minecraft:furnace":5,"minecraft:iron_ore":1,"minecraft:bookshelf":8,"minecraft:coal_ore":48,"minecraft:oak_log":33,"minecraft:gravel":1,"minecraft:dirt":21,"minecraft:acacia_planks":9,"minecraft:stone":53},"minecraft:crafted":{"minecraft:cooked_beef":8,"minecraft:red_dye":1,"minecraft:oak_door":3,"minecraft:oak_planks":96,"minecraft:stone_shovel":1,"minecraft:cooked_porkchop":9,"minecraft:crafting_table":2,"minecraft:wooden_pickaxe":1,"minecraft:oak_pressure_plate":2,"minecraft:iron_helmet":1,"minecraft:red_bed":1,"minecraft:furnace":3,"minecraft:stone":2,"minecraft:stone_axe":1,"minecraft:bread":40,"minecraft:cooked_mutton":19,"minecraft:air":0,"minecraft:ladder":6,"minecraft:stick":32,"minecraft:stone_pickaxe":1,"minecraft:wooden_axe":1,"minecraft:white_bed":2,"minecraft:acacia_planks":136,"minecraft:torch":32,"minecraft:stone_hoe":1,"minecraft:shears":1,"minecraft:wheat":171},"minecraft:picked_up":{"minecraft:crafting_table":10,"minecraft:leather":2,"minecraft:brown_wool":1,"minecraft:flint":1,"minecraft:oak_log":33,"minecraft:brewing_stand":1,"minecraft:dirt":63,"minecraft:red_bed":7,"minecraft:bone":1,"minecraft:acacia_planks":9,"minecraft:wheat_seeds":9,"minecraft:iron_ingot":7,"minecraft:beef":8,"minecraft:poppy":1,"minecraft:lectern":1,"minecraft:sugar_cane":4,"minecraft:oak_planks":13,"minecraft:acacia_sapling":1,"minecraft:furnace":5,"minecraft:book":24,"minecraft:raw_iron":1,"minecraft:stick":5,"minecraft:oak_fence":1,"minecraft:torch":21,"minecraft:acacia_log":40,"minecraft:porkchop":11,"minecraft:arrow":2,"minecraft:rotten_flesh":2,"minecraft:hay_block":19,"minecraft:oak_sapling":1,"minecraft:mutton":14,"minecraft:coal":48,"minecraft:cobblestone":53,"minecraft:white_wool":34},"minecraft:custom":{"minecraft:interact_with_furnace":41,"minecraft:mob_kills":24,"minecraft:animals_bred":14,"minecraft:interact_with_crafting_table":26,"minecraft:bell_ring":1,"minecraft:interact_with_grindstone":1,"minecraft:leave_game":5,"minecraft:time_since_death":105337,"minecraft:sleep_in_bed":8,"minecraft:climb_one_cm":4630,"minecraft:time_since_rest":15287,"minecraft:sprint_one_cm":214933,"minecraft:damage_taken":795,"minecraft:walk_one_cm":302786,"minecraft:drop":13,"minecraft:damage_dealt":3799,"minecraft:swim_one_cm":6452,"minecraft:talked_to_villager":11,"minecraft:fly_one_cm":222570,"minecraft:player_kills":1,"minecraft:open_chest":5,"minecraft:crouch_one_cm":2884,"minecraft:play_time":110322,"minecraft:deaths":1,"minecraft:sneak_time":1225,"minecraft:walk_under_water_one_cm":1309,"minecraft:jump":1403,"minecraft:walk_on_water_one_cm":3386,"minecraft:total_world_time":110322,"minecraft:fall_one_cm":38304},"minecraft:dropped":{"minecraft:bread":10,"minecraft:crafting_table":1,"minecraft:dirt":1,"minecraft:red_bed":1},"minecraft:killed":{"minecraft:armadillo":1,"minecraft:pig":6,"minecraft:iron_golem":1,"minecraft:sheep":8,"minecraft:skeleton":1,"minecraft:zombie":3,"minecraft:villager":1,"minecraft:cow":3}},"DataVersion":3953}