{"stats":{"minecraft:killed_by":{"minecraft:zombie":1},"minecraft:used":{"minecraft:cooked_mutton":2,"minecraft:stone_pickaxe":83,"minecraft:wooden_pickaxe":13,"minecraft:stone_hoe":24,"minecraft:rotten_flesh":2,"minecraft:torch":21,"minecraft:dirt":5,"minecraft:mutton":2,"minecraft:crafting_table":7,"minecraft:red_bed":5,"minecraft:wooden_axe":14,"minecraft:bread":7,"minecraft:stone_axe":71,"minecraft:furnace":4,"minecraft:porkchop":2},"minecraft:mined":{"minecraft:red_bed":5,"minecraft:brewing_stand":1,"minecraft:torch":13,"minecraft:crafting_table":7,"minecraft:short_grass":48,"minecraft:acacia_log":3,"minecraft:grass_block":7,"minecraft:poppy":1,"minecraft:lectern":1,"minecraft:tall_grass":26,"minecraft:sugar_cane":2,"minecraft:wall_torch":6,"minecraft:hay_block":21,"minecraft:furnace":5,"minecraft:bookshelf":8,"minecraft:coal_ore":48,"minecraft:oak_log":16,"minecraft:gravel":1,"minecraft:dirt":1,"minecraft:stone":41},"minecraft:crafted":{"minecraft:cooked_beef":8,"minecraft:red_dye":1,"minecraft:oak_planks":64,"minecraft:stone_shovel":1,"minecraft:cooked_porkchop":1,"minecraft:crafting_table":2,"minecraft:wooden_pickaxe":1,"minecraft:iron_helmet":1,"minecraft:red_bed":1,"minecraft:furnace":2,"minecraft:stone_axe":1,"minecraft:bread":40,"minecraft:cooked_mutton":19,"minecraft:air":0,"minecraft:stick":20,"minecraft:stone_pickaxe":1,"minecraft:wooden_axe":1,"minecraft:white_bed":1,"minecraft:acacia_planks":12,"minecraft:torch":32,"minecraft:stone_hoe":1,"minecraft:wheat":171},"minecraft:picked_up":{"minecraft:crafting_table":8,"minecraft:leather":2,"minecraft:brown_wool":1,"minecraft:flint":1,"minecraft:oak_log":16,"minecraft:brewing_stand":1,"minecraft:dirt":8,"minecraft:red_bed":5,"minecraft:wheat_seeds":9,"minecraft:iron_ingot":5,"minecraft:beef":8,"minecraft:poppy":1,"minecraft:lectern":1,"minecraft:sugar_cane":4,"minecraft:furnace":5,"minecraft:book":24,"minecraft:stick":3,"minecraft:torch":19,"minecraft:acacia_log":3,"minecraft:porkchop":11,"minecraft:arrow":2,"minecraft:rotten_flesh":2,"minecraft:hay_block":19,"minecraft:mutton":14,"minecraft:coal":48,"minecraft:cobblestone":41,"minecraft:white_wool":7},"minecraft:custom":{"minecraft:interact_with_furnace":34,"minecraft:mob_kills":23,"minecraft:animals_bred":6,"minecraft:interact_with_crafting_table":8,"minecraft:bell_ring":1,"minecraft:interact_with_grindstone":1,"minecraft:leave_game":4,"minecraft:time_since_death":65469,"minecraft:sleep_in_bed":6,"minecraft:time_since_rest":1569,"minecraft:sprint_one_cm":149298,"minecraft:damage_taken":646,"minecraft:walk_one_cm":168842,"minecraft:drop":13,"minecraft:damage_dealt":3503,"minecraft:swim_one_cm":6452,"minecraft:talked_to_villager":11,"minecraft:fly_one_cm":167890,"minecraft:player_kills":1,"minecraft:open_chest":2,"minecraft:crouch_one_cm":1195,"minecraft:play_time":70454,"minecraft:deaths":1,"minecraft:sneak_time":609,"minecraft:walk_under_water_one_cm":1309,"minecraft:jump":1004,"minecraft:walk_on_water_one_cm":2950,"minecraft:total_world_time":70454,"minecraft:fall_one_cm":26255},"minecraft:dropped":{"minecraft:bread":10,"minecraft:crafting_table":1,"minecraft:dirt":1,"minecraft:red_bed":1},"minecraft:killed":{"minecraft:pig":6,"minecraft:iron_golem":1,"minecraft:sheep":8,"minecraft:skeleton":1,"minecraft:zombie":3,"minecraft:villager":1,"minecraft:cow":3}},"DataVersion":3953}